Animal,Hierro,Infectado,Peso,Dia
A01,NoHierro,NoInfectado,110,122
A01,NoHierro,NoInfectado,135,150
A01,NoHierro,NoInfectado,150,166
A01,NoHierro,NoInfectado,160,179
A01,NoHierro,NoInfectado,170,219
A01,NoHierro,NoInfectado,175,247
A01,NoHierro,NoInfectado,200,276
A01,NoHierro,NoInfectado,205,296
A01,NoHierro,NoInfectado,225,324
A01,NoHierro,NoInfectado,230,354
A01,NoHierro,NoInfectado,255,380
A01,NoHierro,NoInfectado,285,445
A01,NoHierro,NoInfectado,295,478
A01,NoHierro,NoInfectado,310,508
A01,NoHierro,NoInfectado,335,536
A01,NoHierro,NoInfectado,330,569
A01,NoHierro,NoInfectado,325,599
A01,NoHierro,NoInfectado,345,627
A01,NoHierro,NoInfectado,360,655
A01,NoHierro,NoInfectado,370,668
A01,NoHierro,NoInfectado,395,723
A01,NoHierro,NoInfectado,375,751
A01,NoHierro,NoInfectado,380,781
A02,NoHierro,NoInfectado,130,122
A02,NoHierro,NoInfectado,160,150
A02,NoHierro,NoInfectado,180,166
A02,NoHierro,NoInfectado,185,179
A02,NoHierro,NoInfectado,200,219
A02,NoHierro,NoInfectado,225,247
A02,NoHierro,NoInfectado,240,276
A02,NoHierro,NoInfectado,250,296
A02,NoHierro,NoInfectado,275,324
A02,NoHierro,NoInfectado,280,354
A02,NoHierro,NoInfectado,295,380
A02,NoHierro,NoInfectado,320,445
A02,NoHierro,NoInfectado,330,478
A02,NoHierro,NoInfectado,355,508
A02,NoHierro,NoInfectado,360,536
A02,NoHierro,NoInfectado,355,569
A02,NoHierro,NoInfectado,370,599
A02,NoHierro,NoInfectado,390,627
A02,NoHierro,NoInfectado,400,655
A02,NoHierro,NoInfectado,410,668
A02,NoHierro,NoInfectado,440,723
A02,NoHierro,NoInfectado,445,751
A02,NoHierro,NoInfectado,470,781
A03,NoHierro,NoInfectado,130,122
A03,NoHierro,NoInfectado,150,150
A03,NoHierro,NoInfectado,170,166
A03,NoHierro,NoInfectado,180,179
A03,NoHierro,NoInfectado,195,219
A03,NoHierro,NoInfectado,205,247
A03,NoHierro,NoInfectado,225,276
A03,NoHierro,NoInfectado,235,296
A03,NoHierro,NoInfectado,250,324
A03,NoHierro,NoInfectado,265,354
A03,NoHierro,NoInfectado,275,380
A03,NoHierro,NoInfectado,295,445
A03,NoHierro,NoInfectado,305,478
A03,NoHierro,NoInfectado,315,508
A03,NoHierro,NoInfectado,325,536
A03,NoHierro,NoInfectado,325,569
A03,NoHierro,NoInfectado,325,599
A03,NoHierro,NoInfectado,335,627
A03,NoHierro,NoInfectado,340,655
A03,NoHierro,NoInfectado,355,668
A03,NoHierro,NoInfectado,375,723
A03,NoHierro,NoInfectado,365,751
A03,NoHierro,NoInfectado,400,781
A04,NoHierro,NoInfectado,125,122
A04,NoHierro,NoInfectado,150,150
A04,NoHierro,NoInfectado,170,166
A04,NoHierro,NoInfectado,180,179
A04,NoHierro,NoInfectado,195,219
A04,NoHierro,NoInfectado,210,247
A04,NoHierro,NoInfectado,230,276
A04,NoHierro,NoInfectado,260,296
A04,NoHierro,NoInfectado,255,324
A04,NoHierro,NoInfectado,270,354
A04,NoHierro,NoInfectado,290,380
A04,NoHierro,NoInfectado,NA,445
A04,NoHierro,NoInfectado,310,478
A04,NoHierro,NoInfectado,345,508
A04,NoHierro,NoInfectado,350,536
A04,NoHierro,NoInfectado,355,569
A04,NoHierro,NoInfectado,360,599
A04,NoHierro,NoInfectado,375,627
A04,NoHierro,NoInfectado,380,655
A04,NoHierro,NoInfectado,395,668
A04,NoHierro,NoInfectado,425,723
A04,NoHierro,NoInfectado,415,751
A04,NoHierro,NoInfectado,455,781
A05,Hierro,NoInfectado,120,122
A05,Hierro,NoInfectado,145,150
A05,Hierro,NoInfectado,155,166
A05,Hierro,NoInfectado,170,179
A05,Hierro,NoInfectado,165,219
A05,Hierro,NoInfectado,200,247
A05,Hierro,NoInfectado,200,276
A05,Hierro,NoInfectado,215,296
A05,Hierro,NoInfectado,230,324
A05,Hierro,NoInfectado,245,354
A05,Hierro,NoInfectado,260,380
A05,Hierro,NoInfectado,285,445
A05,Hierro,NoInfectado,290,478
A05,Hierro,NoInfectado,310,508
A05,Hierro,NoInfectado,325,536
A05,Hierro,NoInfectado,320,569
A05,Hierro,NoInfectado,325,599
A05,Hierro,NoInfectado,325,627
A05,Hierro,NoInfectado,340,655
A05,Hierro,NoInfectado,350,668
A05,Hierro,NoInfectado,370,723
A05,Hierro,NoInfectado,365,751
A05,Hierro,NoInfectado,380,781
A06,Hierro,NoInfectado,115,122
A06,Hierro,NoInfectado,130,150
A06,Hierro,NoInfectado,155,166
A06,Hierro,NoInfectado,165,179
A06,Hierro,NoInfectado,185,219
A06,Hierro,NoInfectado,200,247
A06,Hierro,NoInfectado,210,276
A06,Hierro,NoInfectado,210,296
A06,Hierro,NoInfectado,225,324
A06,Hierro,NoInfectado,245,354
A06,Hierro,NoInfectado,260,380
A06,Hierro,NoInfectado,265,445
A06,Hierro,NoInfectado,295,478
A06,Hierro,NoInfectado,305,508
A06,Hierro,NoInfectado,310,536
A06,Hierro,NoInfectado,305,569
A06,Hierro,NoInfectado,310,599
A06,Hierro,NoInfectado,315,627
A06,Hierro,NoInfectado,320,655
A06,Hierro,NoInfectado,325,668
A06,Hierro,NoInfectado,345,723
A06,Hierro,NoInfectado,345,751
A06,Hierro,NoInfectado,365,781
A07,Hierro,NoInfectado,115,122
A07,Hierro,NoInfectado,135,150
A07,Hierro,NoInfectado,150,166
A07,Hierro,NoInfectado,165,179
A07,Hierro,NoInfectado,175,219
A07,Hierro,NoInfectado,195,247
A07,Hierro,NoInfectado,215,276
A07,Hierro,NoInfectado,225,296
A07,Hierro,NoInfectado,225,324
A07,Hierro,NoInfectado,250,354
A07,Hierro,NoInfectado,255,380
A07,Hierro,NoInfectado,280,445
A07,Hierro,NoInfectado,295,478
A07,Hierro,NoInfectado,300,508
A07,Hierro,NoInfectado,325,536
A07,Hierro,NoInfectado,320,569
A07,Hierro,NoInfectado,320,599
A07,Hierro,NoInfectado,335,627
A07,Hierro,NoInfectado,340,655
A07,Hierro,NoInfectado,350,668
A07,Hierro,NoInfectado,380,723
A07,Hierro,NoInfectado,380,751
A07,Hierro,NoInfectado,405,781
A08,NoHierro,Infectado,140,122
A08,NoHierro,Infectado,165,150
A08,NoHierro,Infectado,170,166
A08,NoHierro,Infectado,180,179
A08,NoHierro,Infectado,200,219
A08,NoHierro,Infectado,210,247
A08,NoHierro,Infectado,235,276
A08,NoHierro,Infectado,250,296
A08,NoHierro,Infectado,260,324
A08,NoHierro,Infectado,265,354
A08,NoHierro,Infectado,280,380
A08,NoHierro,Infectado,300,445
A08,NoHierro,Infectado,325,478
A08,NoHierro,Infectado,338,508
A08,NoHierro,Infectado,350,536
A08,NoHierro,Infectado,365,569
A08,NoHierro,Infectado,380,599
A08,NoHierro,Infectado,400,627
A08,NoHierro,Infectado,410,655
A08,NoHierro,Infectado,430,668
A08,NoHierro,Infectado,425,723
A08,NoHierro,Infectado,410,751
A08,NoHierro,Infectado,395,781
A09,NoHierro,Infectado,100,122
A09,NoHierro,Infectado,115,150
A09,NoHierro,Infectado,130,166
A09,NoHierro,Infectado,135,179
A09,NoHierro,Infectado,145,219
A09,NoHierro,Infectado,185,247
A09,NoHierro,Infectado,175,276
A09,NoHierro,Infectado,185,296
A09,NoHierro,Infectado,185,324
A09,NoHierro,Infectado,190,354
A09,NoHierro,Infectado,200,380
A09,NoHierro,Infectado,225,445
A09,NoHierro,Infectado,245,478
A09,NoHierro,Infectado,250,508
A09,NoHierro,Infectado,265,536
A09,NoHierro,Infectado,265,569
A09,NoHierro,Infectado,280,599
A09,NoHierro,Infectado,290,627
A09,NoHierro,Infectado,305,655
A09,NoHierro,Infectado,315,668
A09,NoHierro,Infectado,330,723
A09,NoHierro,Infectado,340,751
A09,NoHierro,Infectado,350,781
A10,NoHierro,Infectado,110,122
A10,NoHierro,Infectado,130,150
A10,NoHierro,Infectado,135,166
A10,NoHierro,Infectado,145,179
A10,NoHierro,Infectado,150,219
A10,NoHierro,Infectado,165,247
A10,NoHierro,Infectado,175,276
A10,NoHierro,Infectado,185,296
A10,NoHierro,Infectado,185,324
A10,NoHierro,Infectado,185,354
A10,NoHierro,Infectado,195,380
A10,NoHierro,Infectado,218,445
A10,NoHierro,Infectado,230,478
A10,NoHierro,Infectado,230,508
A10,NoHierro,Infectado,245,536
A10,NoHierro,Infectado,245,569
A10,NoHierro,Infectado,255,599
A10,NoHierro,Infectado,270,627
A10,NoHierro,Infectado,265,655
A10,NoHierro,Infectado,280,668
A10,NoHierro,Infectado,295,723
A10,NoHierro,Infectado,305,751
A10,NoHierro,Infectado,300,781
A11,NoHierro,Infectado,125,122
A11,NoHierro,Infectado,150,150
A11,NoHierro,Infectado,160,166
A11,NoHierro,Infectado,175,179
A11,NoHierro,Infectado,190,219
A11,NoHierro,Infectado,205,247
A11,NoHierro,Infectado,220,276
A11,NoHierro,Infectado,235,296
A11,NoHierro,Infectado,235,324
A11,NoHierro,Infectado,245,354
A11,NoHierro,Infectado,255,380
A11,NoHierro,Infectado,273,445
A11,NoHierro,Infectado,295,478
A11,NoHierro,Infectado,300,508
A11,NoHierro,Infectado,305,536
A11,NoHierro,Infectado,300,569
A11,NoHierro,Infectado,300,599
A11,NoHierro,Infectado,305,627
A11,NoHierro,Infectado,310,655
A11,NoHierro,Infectado,320,668
A11,NoHierro,Infectado,350,723
A11,NoHierro,Infectado,365,751
A11,NoHierro,Infectado,380,781
A12,NoHierro,Infectado,110,122
A12,NoHierro,Infectado,125,150
A12,NoHierro,Infectado,135,166
A12,NoHierro,Infectado,150,179
A12,NoHierro,Infectado,160,219
A12,NoHierro,Infectado,175,247
A12,NoHierro,Infectado,190,276
A12,NoHierro,Infectado,200,296
A12,NoHierro,Infectado,200,324
A12,NoHierro,Infectado,205,354
A12,NoHierro,Infectado,225,380
A12,NoHierro,Infectado,246,445
A12,NoHierro,Infectado,260,478
A12,NoHierro,Infectado,265,508
A12,NoHierro,Infectado,260,536
A12,NoHierro,Infectado,280,569
A12,NoHierro,Infectado,295,599
A12,NoHierro,Infectado,305,627
A12,NoHierro,Infectado,305,655
A12,NoHierro,Infectado,310,668
A12,NoHierro,Infectado,325,723
A12,NoHierro,Infectado,335,751
A12,NoHierro,Infectado,330,781
A13,NoHierro,Infectado,125,122
A13,NoHierro,Infectado,150,150
A13,NoHierro,Infectado,160,166
A13,NoHierro,Infectado,170,179
A13,NoHierro,Infectado,185,219
A13,NoHierro,Infectado,195,247
A13,NoHierro,Infectado,210,276
A13,NoHierro,Infectado,225,296
A13,NoHierro,Infectado,230,324
A13,NoHierro,Infectado,225,354
A13,NoHierro,Infectado,250,380
A13,NoHierro,Infectado,278,445
A13,NoHierro,Infectado,290,478
A13,NoHierro,Infectado,295,508
A13,NoHierro,Infectado,305,536
A13,NoHierro,Infectado,305,569
A13,NoHierro,Infectado,330,599
A13,NoHierro,Infectado,350,627
A13,NoHierro,Infectado,355,655
A13,NoHierro,Infectado,370,668
A13,NoHierro,Infectado,380,723
A13,NoHierro,Infectado,400,751
A13,NoHierro,Infectado,410,781
A14,NoHierro,Infectado,125,122
A14,NoHierro,Infectado,140,150
A14,NoHierro,Infectado,150,166
A14,NoHierro,Infectado,160,179
A14,NoHierro,Infectado,160,219
A14,NoHierro,Infectado,185,247
A14,NoHierro,Infectado,195,276
A14,NoHierro,Infectado,200,296
A14,NoHierro,Infectado,205,324
A14,NoHierro,Infectado,200,354
A14,NoHierro,Infectado,220,380
A14,NoHierro,Infectado,242,445
A14,NoHierro,Infectado,255,478
A14,NoHierro,Infectado,265,508
A14,NoHierro,Infectado,275,536
A14,NoHierro,Infectado,290,569
A14,NoHierro,Infectado,300,599
A14,NoHierro,Infectado,315,627
A14,NoHierro,Infectado,320,655
A14,NoHierro,Infectado,335,668
A14,NoHierro,Infectado,355,723
A14,NoHierro,Infectado,375,751
A14,NoHierro,Infectado,375,781
A15,NoHierro,Infectado,115,122
A15,NoHierro,Infectado,135,150
A15,NoHierro,Infectado,145,166
A15,NoHierro,Infectado,160,179
A15,NoHierro,Infectado,180,219
A15,NoHierro,Infectado,185,247
A15,NoHierro,Infectado,200,276
A15,NoHierro,Infectado,205,296
A15,NoHierro,Infectado,220,324
A15,NoHierro,Infectado,220,354
A15,NoHierro,Infectado,230,380
A15,NoHierro,Infectado,266,445
A15,NoHierro,Infectado,275,478
A15,NoHierro,Infectado,285,508
A15,NoHierro,Infectado,295,536
A15,NoHierro,Infectado,305,569
A15,NoHierro,Infectado,315,599
A15,NoHierro,Infectado,320,627
A15,NoHierro,Infectado,335,655
A15,NoHierro,Infectado,345,668
A15,NoHierro,Infectado,360,723
A15,NoHierro,Infectado,360,751
A15,NoHierro,Infectado,360,781
A16,NoHierro,Infectado,110,122
A16,NoHierro,Infectado,130,150
A16,NoHierro,Infectado,150,166
A16,NoHierro,Infectado,155,179
A16,NoHierro,Infectado,165,219
A16,NoHierro,Infectado,175,247
A16,NoHierro,Infectado,190,276
A16,NoHierro,Infectado,200,296
A16,NoHierro,Infectado,210,324
A16,NoHierro,Infectado,215,354
A16,NoHierro,Infectado,230,380
A16,NoHierro,Infectado,234,445
A16,NoHierro,Infectado,275,478
A16,NoHierro,Infectado,280,508
A16,NoHierro,Infectado,300,536
A16,NoHierro,Infectado,310,569
A16,NoHierro,Infectado,325,599
A16,NoHierro,Infectado,320,627
A16,NoHierro,Infectado,335,655
A16,NoHierro,Infectado,345,668
A16,NoHierro,Infectado,360,723
A16,NoHierro,Infectado,380,751
A16,NoHierro,Infectado,375,781
A17,Hierro,Infectado,100,122
A17,Hierro,Infectado,120,150
A17,Hierro,Infectado,125,166
A17,Hierro,Infectado,140,179
A17,Hierro,Infectado,150,219
A17,Hierro,Infectado,170,247
A17,Hierro,Infectado,185,276
A17,Hierro,Infectado,190,296
A17,Hierro,Infectado,195,324
A17,Hierro,Infectado,190,354
A17,Hierro,Infectado,210,380
A17,Hierro,Infectado,214,445
A17,Hierro,Infectado,225,478
A17,Hierro,Infectado,235,508
A17,Hierro,Infectado,255,536
A17,Hierro,Infectado,240,569
A17,Hierro,Infectado,245,599
A17,Hierro,Infectado,280,627
A17,Hierro,Infectado,285,655
A17,Hierro,Infectado,270,668
A17,Hierro,Infectado,280,723
A17,Hierro,Infectado,280,751
A17,Hierro,Infectado,270,781
A18,Hierro,Infectado,125,122
A18,Hierro,Infectado,145,150
A18,Hierro,Infectado,150,166
A18,Hierro,Infectado,170,179
A18,Hierro,Infectado,195,219
A18,Hierro,Infectado,200,247
A18,Hierro,Infectado,215,276
A18,Hierro,Infectado,235,296
A18,Hierro,Infectado,225,324
A18,Hierro,Infectado,225,354
A18,Hierro,Infectado,230,380
A18,Hierro,Infectado,259,445
A18,Hierro,Infectado,275,478
A18,Hierro,Infectado,290,508
A18,Hierro,Infectado,305,536
A18,Hierro,Infectado,305,569
A18,Hierro,Infectado,330,599
A18,Hierro,Infectado,350,627
A18,Hierro,Infectado,360,655
A18,Hierro,Infectado,370,668
A18,Hierro,Infectado,395,723
A18,Hierro,Infectado,405,751
A18,Hierro,Infectado,415,781
A19,Hierro,Infectado,110,122
A19,Hierro,Infectado,135,150
A19,Hierro,Infectado,140,166
A19,Hierro,Infectado,150,179
A19,Hierro,Infectado,155,219
A19,Hierro,Infectado,170,247
A19,Hierro,Infectado,180,276
A19,Hierro,Infectado,180,296
A19,Hierro,Infectado,190,324
A19,Hierro,Infectado,185,354
A19,Hierro,Infectado,205,380
A19,Hierro,Infectado,208,445
A19,Hierro,Infectado,215,478
A19,Hierro,Infectado,220,508
A19,Hierro,Infectado,230,536
A19,Hierro,Infectado,225,569
A19,Hierro,Infectado,245,599
A19,Hierro,Infectado,260,627
A19,Hierro,Infectado,255,655
A19,Hierro,Infectado,265,668
A19,Hierro,Infectado,285,723
A19,Hierro,Infectado,290,751
A19,Hierro,Infectado,300,781
A20,Hierro,Infectado,115,122
A20,Hierro,Infectado,135,150
A20,Hierro,Infectado,145,166
A20,Hierro,Infectado,155,179
A20,Hierro,Infectado,170,219
A20,Hierro,Infectado,195,247
A20,Hierro,Infectado,210,276
A20,Hierro,Infectado,220,296
A20,Hierro,Infectado,225,324
A20,Hierro,Infectado,220,354
A20,Hierro,Infectado,250,380
A20,Hierro,Infectado,275,445
A20,Hierro,Infectado,275,478
A20,Hierro,Infectado,275,508
A20,Hierro,Infectado,290,536
A20,Hierro,Infectado,280,569
A20,Hierro,Infectado,285,599
A20,Hierro,Infectado,295,627
A20,Hierro,Infectado,285,655
A20,Hierro,Infectado,275,668
A20,Hierro,Infectado,295,723
A20,Hierro,Infectado,320,751
A20,Hierro,Infectado,335,781
A21,Hierro,Infectado,120,122
A21,Hierro,Infectado,140,150
A21,Hierro,Infectado,145,166
A21,Hierro,Infectado,165,179
A21,Hierro,Infectado,175,219
A21,Hierro,Infectado,190,247
A21,Hierro,Infectado,205,276
A21,Hierro,Infectado,225,296
A21,Hierro,Infectado,220,324
A21,Hierro,Infectado,215,354
A21,Hierro,Infectado,230,380
A21,Hierro,Infectado,250,445
A21,Hierro,Infectado,250,478
A21,Hierro,Infectado,260,508
A21,Hierro,Infectado,280,536
A21,Hierro,Infectado,275,569
A21,Hierro,Infectado,295,599
A21,Hierro,Infectado,305,627
A21,Hierro,Infectado,310,655
A21,Hierro,Infectado,310,668
A21,Hierro,Infectado,320,723
A21,Hierro,Infectado,320,751
A21,Hierro,Infectado,300,781
A22,Hierro,Infectado,100,122
A22,Hierro,Infectado,125,150
A22,Hierro,Infectado,125,166
A22,Hierro,Infectado,145,179
A22,Hierro,Infectado,155,219
A22,Hierro,Infectado,175,247
A22,Hierro,Infectado,185,276
A22,Hierro,Infectado,195,296
A22,Hierro,Infectado,190,324
A22,Hierro,Infectado,185,354
A22,Hierro,Infectado,200,380
A22,Hierro,Infectado,216,445
A22,Hierro,Infectado,215,478
A22,Hierro,Infectado,225,508
A22,Hierro,Infectado,245,536
A22,Hierro,Infectado,245,569
A22,Hierro,Infectado,250,599
A22,Hierro,Infectado,260,627
A22,Hierro,Infectado,275,655
A22,Hierro,Infectado,280,668
A22,Hierro,Infectado,305,723
A22,Hierro,Infectado,310,751
A22,Hierro,Infectado,320,781
A23,Hierro,Infectado,110,122
A23,Hierro,Infectado,135,150
A23,Hierro,Infectado,150,166
A23,Hierro,Infectado,160,179
A23,Hierro,Infectado,165,219
A23,Hierro,Infectado,185,247
A23,Hierro,Infectado,185,276
A23,Hierro,Infectado,200,296
A23,Hierro,Infectado,205,324
A23,Hierro,Infectado,210,354
A23,Hierro,Infectado,225,380
A23,Hierro,Infectado,238,445
A23,Hierro,Infectado,245,478
A23,Hierro,Infectado,255,508
A23,Hierro,Infectado,270,536
A23,Hierro,Infectado,270,569
A23,Hierro,Infectado,270,599
A23,Hierro,Infectado,285,627
A23,Hierro,Infectado,290,655
A23,Hierro,Infectado,300,668
A23,Hierro,Infectado,310,723
A23,Hierro,Infectado,320,751
A23,Hierro,Infectado,325,781
A24,Hierro,Infectado,115,122
A24,Hierro,Infectado,140,150
A24,Hierro,Infectado,150,166
A24,Hierro,Infectado,160,179
A24,Hierro,Infectado,165,219
A24,Hierro,Infectado,190,247
A24,Hierro,Infectado,195,276
A24,Hierro,Infectado,205,296
A24,Hierro,Infectado,210,324
A24,Hierro,Infectado,215,354
A24,Hierro,Infectado,225,380
A24,Hierro,Infectado,240,445
A24,Hierro,Infectado,245,478
A24,Hierro,Infectado,255,508
A24,Hierro,Infectado,270,536
A24,Hierro,Infectado,270,569
A24,Hierro,Infectado,280,599
A24,Hierro,Infectado,295,627
A24,Hierro,Infectado,300,655
A24,Hierro,Infectado,305,668
A24,Hierro,Infectado,340,723
A24,Hierro,Infectado,345,751
A24,Hierro,Infectado,365,781
A25,Hierro,Infectado,105,122
A25,Hierro,Infectado,125,150
A25,Hierro,Infectado,125,166
A25,Hierro,Infectado,145,179
A25,Hierro,Infectado,145,219
A25,Hierro,Infectado,155,247
A25,Hierro,Infectado,170,276
A25,Hierro,Infectado,175,296
A25,Hierro,Infectado,175,324
A25,Hierro,Infectado,175,354
A25,Hierro,Infectado,180,380
A25,Hierro,Infectado,182,445
A25,Hierro,Infectado,185,478
A25,Hierro,Infectado,195,508
A25,Hierro,Infectado,215,536
A25,Hierro,Infectado,210,569
A25,Hierro,Infectado,235,599
A25,Hierro,Infectado,265,627
A25,Hierro,Infectado,280,655
A25,Hierro,Infectado,290,668
A25,Hierro,Infectado,315,723
A25,Hierro,Infectado,330,751
A25,Hierro,Infectado,345,781
A26,Hierro,Infectado,125,122
A26,Hierro,Infectado,145,150
A26,Hierro,Infectado,150,166
A26,Hierro,Infectado,165,179
A26,Hierro,Infectado,175,219
A26,Hierro,Infectado,185,247
A26,Hierro,Infectado,195,276
A26,Hierro,Infectado,205,296
A26,Hierro,Infectado,215,324
A26,Hierro,Infectado,220,354
A26,Hierro,Infectado,235,380
A26,Hierro,Infectado,264,445
A26,Hierro,Infectado,285,478
A26,Hierro,Infectado,275,508
A26,Hierro,Infectado,295,536
A26,Hierro,Infectado,290,569
A26,Hierro,Infectado,305,599
A26,Hierro,Infectado,325,627
A26,Hierro,Infectado,325,655
A26,Hierro,Infectado,325,668
A26,Hierro,Infectado,340,723
A26,Hierro,Infectado,335,751
A26,Hierro,Infectado,345,781
