Dieta,Raza,Peso,Mes
potatoes,france,"69,75",0
turnips,beauce,71,0
beet,champagne,"77,25",0
corn,picardy,71,0
turnips,france,69,0
beet,beauce,"70,75",0
corn,champagne,71,0
potatoes,picardy,80,0
beet,france,72,0
corn,beauce,"73,5",0
potatoes,champagne,"69,25",0
turnips,picardy,79,0
corn,france,74,0
potatoes,beauce,"70,75",0
turnips,champagne,"68,5",0
beet,picardy,80,0
potatoes,france,"79,75",1
turnips,beauce,86,1
beet,champagne,"90,5",1
corn,picardy,87,1
turnips,france,87,2
beet,beauce,86,2
corn,champagne,93,2
potatoes,picardy,101,2
beet,france,94,3
corn,beauce,96,3
potatoes,champagne,84,3
turnips,picardy,"97,5",3
corn,france,106,4
potatoes,beauce,"95,5",4
turnips,champagne,"84,5",4
beet,picardy,101,4
