,Año,Variedad,PCC,Grano_Vano
1,2005,Caturra Rojo,4.61,4.56
2,2005,Caturra Rojo,4.12,4.62
3,2005,Caturra Rojo,4.93,4.36
4,2005,Caturra Rojo,5.32,4.73
5,2005,Caturra Rojo,4.39,4.03
6,2005,Caturra Rojo,4.65,4.24
7,2005,Caturra Rojo,4.59,4.34
8,2005,Caturra Rojo,5.37,5.25
9,2005,Caturra Rojo,4.89,4.37
10,2005,Caturra Rojo,4.01,5.29
11,2005,Caturra Amarillo,3.92,1.63
12,2005,Caturra Amarillo,4.43,4.88
13,2005,Caturra Amarillo,5.25,0.98
14,2005,Caturra Amarillo,4.95,4.98
15,2005,Caturra Amarillo,3.50,5.65
16,2005,Caturra Amarillo,5.30,4.38
17,2005,Caturra Amarillo,5.29,4.09
18,2005,Caturra Amarillo,5.13,4.92
19,2005,Caturra Amarillo,2.64,2.74
20,2005,Caturra Amarillo,5.36,2.01
21,2005,Oro Azteca,7.93,7.28
22,2005,Oro Azteca,1.61,7.66
23,2005,Oro Azteca,4.95,8.52
24,2005,Oro Azteca,4.46,6.26
25,2005,Oro Azteca,2.55,4.23
26,2005,Oro Azteca,4.58,9.00
27,2005,Oro Azteca,0.71,5.07
28,2005,Oro Azteca,4.14,5.20
29,2005,Oro Azteca,4.51,5.96
30,2005,Oro Azteca,5.58,8.19
31,2005,Batie,4.52,10.42
32,2005,Batie,5.29,7.55
33,2005,Batie,4.10,9.07
34,2005,Batie,4.30,7.92
35,2005,Batie,3.20,9.67
36,2005,Batie,4.86,8.69
37,2005,Batie,4.39,8.81
38,2005,Batie,5.60,8.97
39,2005,Batie,4.07,8.82
40,2005,Batie,3.55,10.07
41,2005,Pacamara,2.69,6.74
42,2005,Pacamara,3.46,6.93
43,2005,Pacamara,2.97,6.98
44,2005,Pacamara,2.88,7.03
45,2005,Pacamara,2.81,7.21
46,2005,Pacamara,3.49,7.17
47,2005,Pacamara,2.99,6.98
48,2005,Pacamara,2.94,6.85
49,2005,Pacamara,2.35,7.11
50,2005,Pacamara,2.51,6.98
51,2005,Colombia Brote Verde,6.13,8.03
52,2005,Colombia Brote Verde,4.36,8.28
53,2005,Colombia Brote Verde,6.32,6.16
54,2005,Colombia Brote Verde,4.48,7.85
55,2005,Colombia Brote Verde,5.93,6.89
56,2005,Colombia Brote Verde,7.06,7.60
57,2005,Colombia Brote Verde,3.44,8.70
58,2005,Colombia Brote Verde,6.21,7.35
59,2005,Colombia Brote Verde,9.17,6.92
60,2005,Colombia Brote Verde,4.66,7.54
61,2006,Caturra Rojo,4.84,3.22
62,2006,Caturra Rojo,4.26,4.03
63,2006,Caturra Rojo,5.27,4.95
64,2006,Caturra Rojo,5.24,4.13
65,2006,Caturra Rojo,4.19,4.66
66,2006,Caturra Rojo,4.32,4.92
67,2006,Caturra Rojo,4.14,5.16
68,2006,Caturra Rojo,5.50,4.43
69,2006,Caturra Rojo,3.91,3.93
70,2006,Caturra Rojo,4.53,4.33
71,2006,Caturra Amarillo,3.98,2.08
72,2006,Caturra Amarillo,5.88,4.29
73,2006,Caturra Amarillo,5.55,3.91
74,2006,Caturra Amarillo,6.52,3.29
75,2006,Caturra Amarillo,5.16,3.28
76,2006,Caturra Amarillo,4.89,3.83
77,2006,Caturra Amarillo,5.45,3.62
78,2006,Caturra Amarillo,6.53,4.56
79,2006,Caturra Amarillo,5.94,4.00
80,2006,Caturra Amarillo,5.59,2.76
81,2006,Oro Azteca,4.74,5.34
82,2006,Oro Azteca,3.60,6.64
83,2006,Oro Azteca,2.86,4.41
84,2006,Oro Azteca,5.00,7.28
85,2006,Oro Azteca,3.81,4.98
86,2006,Oro Azteca,3.15,5.30
87,2006,Oro Azteca,3.22,8.62
88,2006,Oro Azteca,0.44,6.46
89,2006,Oro Azteca,2.01,8.79
90,2006,Oro Azteca,5.83,4.94
91,2006,Batie,6.08,10.37
92,2006,Batie,3.94,9.46
93,2006,Batie,5.25,9.29
94,2006,Batie,4.91,9.28
95,2006,Batie,4.94,8.94
96,2006,Batie,5.26,9.36
97,2006,Batie,5.24,10.65
98,2006,Batie,5.46,8.60
99,2006,Batie,4.79,9.36
100,2006,Batie,6.11,7.83
101,2006,Pacamara,2.26,7.04
102,2006,Pacamara,2.75,7.49
103,2006,Pacamara,2.66,7.26
104,2006,Pacamara,2.98,6.81
105,2006,Pacamara,2.74,6.82
106,2006,Pacamara,2.76,7.20
107,2006,Pacamara,2.82,6.31
108,2006,Pacamara,1.99,7.56
109,2006,Pacamara,3.03,6.42
110,2006,Pacamara,3.09,7.00
111,2006,Colombia Brote Verde,6.67,7.82
112,2006,Colombia Brote Verde,5.19,8.39
113,2006,Colombia Brote Verde,5.28,7.95
114,2006,Colombia Brote Verde,5.41,8.05
115,2006,Colombia Brote Verde,8.18,8.36
116,2006,Colombia Brote Verde,4.90,7.87
117,2006,Colombia Brote Verde,6.01,6.22
118,2006,Colombia Brote Verde,3.48,7.81
119,2006,Colombia Brote Verde,7.90,8.36
120,2006,Colombia Brote Verde,5.94,7.47
121,2007,Caturra Rojo,4.64,5.03
122,2007,Caturra Rojo,3.95,4.23
123,2007,Caturra Rojo,4.56,3.86
124,2007,Caturra Rojo,5.03,5.52
125,2007,Caturra Rojo,4.45,5.02
126,2007,Caturra Rojo,3.68,5.13
127,2007,Caturra Rojo,3.55,4.93
128,2007,Caturra Rojo,3.16,5.91
129,2007,Caturra Rojo,4.37,5.91
130,2007,Caturra Rojo,3.67,5.11
131,2007,Caturra Amarillo,5.65,3.08
132,2007,Caturra Amarillo,6.28,2.55
133,2007,Caturra Amarillo,6.40,2.82
134,2007,Caturra Amarillo,5.99,3.47
135,2007,Caturra Amarillo,5.90,3.06
136,2007,Caturra Amarillo,5.65,0.88
137,2007,Caturra Amarillo,6.44,3.33
138,2007,Caturra Amarillo,5.19,4.02
139,2007,Caturra Amarillo,5.23,2.73
140,2007,Caturra Amarillo,5.95,2.29
141,2007,Oro Azteca,3.49,7.32
142,2007,Oro Azteca,3.85,6.83
143,2007,Oro Azteca,1.86,6.05
144,2007,Oro Azteca,4.46,3.04
145,2007,Oro Azteca,1.30,5.12
146,2007,Oro Azteca,2.56,6.22
147,2007,Oro Azteca,4.96,6.88
148,2007,Oro Azteca,5.69,5.04
149,2007,Oro Azteca,3.15,6.89
150,2007,Oro Azteca,4.18,6.17
151,2007,Batie,5.66,8.58
152,2007,Batie,5.92,7.64
153,2007,Batie,5.82,10.36
154,2007,Batie,6.00,9.45
155,2007,Batie,5.80,8.85
156,2007,Batie,5.53,8.65
157,2007,Batie,5.65,9.85
158,2007,Batie,5.85,10.06
159,2007,Batie,5.82,7.69
160,2007,Batie,5.64,8.63
161,2007,Pacamara,3.00,6.83
162,2007,Pacamara,3.39,7.07
163,2007,Pacamara,3.96,7.17
164,2007,Pacamara,2.74,7.26
165,2007,Pacamara,2.67,6.20
166,2007,Pacamara,2.74,6.63
167,2007,Pacamara,3.12,7.14
168,2007,Pacamara,3.15,7.28
169,2007,Pacamara,2.57,6.62
170,2007,Pacamara,2.90,7.61
171,2007,Colombia Brote Verde,5.89,8.51
172,2007,Colombia Brote Verde,4.05,8.48
173,2007,Colombia Brote Verde,5.01,8.56
174,2007,Colombia Brote Verde,3.97,9.02
175,2007,Colombia Brote Verde,3.18,6.43
176,2007,Colombia Brote Verde,3.35,10.49
177,2007,Colombia Brote Verde,8.40,7.52
178,2007,Colombia Brote Verde,7.29,8.14
179,2007,Colombia Brote Verde,5.68,7.51
180,2007,Colombia Brote Verde,5.00,7.02
181,2008,Caturra Rojo,6.23,4.79
182,2008,Caturra Rojo,5.67,5.74
183,2008,Caturra Rojo,6.07,5.64
184,2008,Caturra Rojo,5.75,5.13
185,2008,Caturra Rojo,5.23,3.79
186,2008,Caturra Rojo,4.84,3.41
187,2008,Caturra Rojo,4.36,4.82
188,2008,Caturra Rojo,5.50,3.90
189,2008,Caturra Rojo,5.74,5.17
190,2008,Caturra Rojo,4.47,4.63
191,2008,Caturra Amarillo,5.20,3.24
192,2008,Caturra Amarillo,4.30,2.67
193,2008,Caturra Amarillo,4.80,3.57
194,2008,Caturra Amarillo,5.99,1.30
195,2008,Caturra Amarillo,6.08,2.57
196,2008,Caturra Amarillo,7.46,1.78
197,2008,Caturra Amarillo,6.25,1.49
198,2008,Caturra Amarillo,5.76,3.10
199,2008,Caturra Amarillo,5.98,4.03
200,2008,Caturra Amarillo,4.56,2.22
201,2008,Oro Azteca,4.40,6.62
202,2008,Oro Azteca,4.14,5.68
203,2008,Oro Azteca,0.71,6.80
204,2008,Oro Azteca,2.77,4.37
205,2008,Oro Azteca,2.16,5.85
206,2008,Oro Azteca,2.99,5.64
207,2008,Oro Azteca,3.32,9.30
208,2008,Oro Azteca,2.97,6.93
209,2008,Oro Azteca,4.46,7.34
210,2008,Oro Azteca,2.20,6.90
211,2008,Batie,4.23,9.72
212,2008,Batie,5.16,9.36
213,2008,Batie,4.27,9.66
214,2008,Batie,2.44,9.61
215,2008,Batie,3.72,9.52
216,2008,Batie,2.85,8.02
217,2008,Batie,4.36,7.67
218,2008,Batie,3.92,9.18
219,2008,Batie,4.01,8.80
220,2008,Batie,3.96,9.69
221,2008,Pacamara,2.80,7.41
222,2008,Pacamara,2.94,7.79
223,2008,Pacamara,2.77,7.44
224,2008,Pacamara,3.24,6.43
225,2008,Pacamara,3.37,6.78
226,2008,Pacamara,3.10,7.73
227,2008,Pacamara,2.80,7.02
228,2008,Pacamara,3.20,7.12
229,2008,Pacamara,3.27,7.54
230,2008,Pacamara,2.99,6.91
231,2008,Colombia Brote Verde,3.89,8.89
232,2008,Colombia Brote Verde,3.94,8.18
233,2008,Colombia Brote Verde,8.24,5.72
234,2008,Colombia Brote Verde,2.25,7.39
235,2008,Colombia Brote Verde,4.27,8.16
236,2008,Colombia Brote Verde,5.71,3.56
237,2008,Colombia Brote Verde,5.80,6.54
238,2008,Colombia Brote Verde,3.81,9.73
239,2008,Colombia Brote Verde,8.40,8.13
240,2008,Colombia Brote Verde,3.78,5.92
241,2009,Caturra Rojo,4.32,4.70
242,2009,Caturra Rojo,5.62,4.73
243,2009,Caturra Rojo,4.97,5.29
244,2009,Caturra Rojo,5.60,3.99
245,2009,Caturra Rojo,4.96,4.42
246,2009,Caturra Rojo,5.09,3.47
247,2009,Caturra Rojo,5.41,4.44
248,2009,Caturra Rojo,5.40,5.62
249,2009,Caturra Rojo,5.09,4.38
250,2009,Caturra Rojo,4.09,5.39
251,2009,Caturra Amarillo,6.29,1.82
252,2009,Caturra Amarillo,5.23,3.40
253,2009,Caturra Amarillo,6.27,4.25
254,2009,Caturra Amarillo,6.77,4.15
255,2009,Caturra Amarillo,4.86,2.31
256,2009,Caturra Amarillo,6.31,1.94
257,2009,Caturra Amarillo,4.47,2.87
258,2009,Caturra Amarillo,5.75,2.74
259,2009,Caturra Amarillo,2.69,3.65
260,2009,Caturra Amarillo,6.98,3.08
261,2009,Oro Azteca,2.88,7.14
262,2009,Oro Azteca,1.90,6.16
263,2009,Oro Azteca,3.29,5.17
264,2009,Oro Azteca,6.75,4.36
265,2009,Oro Azteca,6.47,7.22
266,2009,Oro Azteca,3.99,6.68
267,2009,Oro Azteca,4.03,7.07
268,2009,Oro Azteca,4.85,7.83
269,2009,Oro Azteca,6.19,6.74
270,2009,Oro Azteca,4.21,9.74
271,2009,Batie,3.06,8.93
272,2009,Batie,4.64,9.78
273,2009,Batie,4.75,8.97
274,2009,Batie,3.75,7.44
275,2009,Batie,3.94,8.95
276,2009,Batie,3.57,8.95
277,2009,Batie,3.92,8.45
278,2009,Batie,3.78,6.96
279,2009,Batie,3.66,8.81
280,2009,Batie,4.81,7.79
281,2009,Pacamara,2.79,7.37
282,2009,Pacamara,2.91,6.37
283,2009,Pacamara,2.53,7.52
284,2009,Pacamara,2.66,7.16
285,2009,Pacamara,2.92,6.59
286,2009,Pacamara,3.06,7.02
287,2009,Pacamara,3.04,7.70
288,2009,Pacamara,2.46,7.18
289,2009,Pacamara,3.11,7.26
290,2009,Pacamara,2.64,7.24
291,2009,Colombia Brote Verde,3.80,9.47
292,2009,Colombia Brote Verde,4.59,6.80
293,2009,Colombia Brote Verde,4.59,8.15
294,2009,Colombia Brote Verde,2.77,7.90
295,2009,Colombia Brote Verde,3.21,8.48
296,2009,Colombia Brote Verde,5.03,8.72
297,2009,Colombia Brote Verde,4.87,9.29
298,2009,Colombia Brote Verde,5.39,10.09
299,2009,Colombia Brote Verde,4.84,7.89
300,2009,Colombia Brote Verde,4.62,7.17
301,2010,Caturra Rojo,5.31,6.23
302,2010,Caturra Rojo,4.21,4.59
303,2010,Caturra Rojo,4.93,4.19
304,2010,Caturra Rojo,4.82,5.63
305,2010,Caturra Rojo,5.57,4.74
306,2010,Caturra Rojo,4.54,3.67
307,2010,Caturra Rojo,3.75,5.19
308,2010,Caturra Rojo,4.19,5.56
309,2010,Caturra Rojo,4.33,4.03
310,2010,Caturra Rojo,4.28,4.73
311,2010,Caturra Amarillo,5.11,3.42
312,2010,Caturra Amarillo,6.65,2.14
313,2010,Caturra Amarillo,1.91,2.07
314,2010,Caturra Amarillo,5.28,2.58
315,2010,Caturra Amarillo,5.13,3.91
316,2010,Caturra Amarillo,4.76,2.71
317,2010,Caturra Amarillo,4.37,4.01
318,2010,Caturra Amarillo,4.97,5.32
319,2010,Caturra Amarillo,3.67,1.45
320,2010,Caturra Amarillo,6.69,4.10
321,2010,Oro Azteca,2.87,5.38
322,2010,Oro Azteca,4.71,5.36
323,2010,Oro Azteca,5.85,5.93
324,2010,Oro Azteca,1.25,4.95
325,2010,Oro Azteca,4.59,4.95
326,2010,Oro Azteca,5.05,5.18
327,2010,Oro Azteca,4.56,5.40
328,2010,Oro Azteca,3.78,4.60
329,2010,Oro Azteca,6.20,7.94
330,2010,Oro Azteca,2.85,5.55
331,2010,Batie,3.16,7.91
332,2010,Batie,6.50,8.39
333,2010,Batie,5.09,10.43
334,2010,Batie,4.10,10.23
335,2010,Batie,5.43,7.89
336,2010,Batie,4.26,9.54
337,2010,Batie,5.19,10.51
338,2010,Batie,4.64,9.74
339,2010,Batie,5.56,7.46
340,2010,Batie,5.43,8.58
341,2010,Pacamara,2.69,7.50
342,2010,Pacamara,2.61,6.49
343,2010,Pacamara,3.30,7.04
344,2010,Pacamara,2.83,6.94
345,2010,Pacamara,3.26,6.61
346,2010,Pacamara,3.15,6.73
347,2010,Pacamara,3.06,7.06
348,2010,Pacamara,3.18,6.71
349,2010,Pacamara,2.55,7.44
350,2010,Pacamara,2.74,6.86
351,2010,Colombia Brote Verde,5.21,7.74
352,2010,Colombia Brote Verde,3.71,5.50
353,2010,Colombia Brote Verde,4.34,6.04
354,2010,Colombia Brote Verde,6.81,8.80
355,2010,Colombia Brote Verde,5.14,7.85
356,2010,Colombia Brote Verde,5.94,8.49
357,2010,Colombia Brote Verde,8.08,10.79
358,2010,Colombia Brote Verde,4.72,8.75
359,2010,Colombia Brote Verde,4.73,7.27
360,2010,Colombia Brote Verde,6.58,8.57
