,Tipo,Rendimiento_Canal,Zona,Dieta
1,Toro,55.00,Oriente,Pastoreo
2,Toro,52.94,Oriente,Pastoreo
3,Toro,56.31,Oriente,Pastoreo
4,Toro,57.93,Oriente,Estabulado
5,Toro,54.08,Oriente,Estabulado
6,Toro,55.16,Oriente,Estabulado
7,Toro,54.92,Norte,Pastoreo
8,Toro,58.14,Norte,Pastoreo
9,Toro,56.15,Norte,Pastoreo
10,Toro,52.49,Norte,Estabulado
11,Toro,53.55,Norte,Estabulado
12,Toro,54.70,Norte,Estabulado
13,Toro,56.53,Sur,Pastoreo
14,Toro,55.87,Sur,Pastoreo
15,Toro,52.59,Sur,Pastoreo
16,Toro,56.66,Sur,Estabulado
17,Toro,56.62,Sur,Estabulado
18,Toro,56.27,Sur,Estabulado
19,Vaca,40.73,Oriente,Pastoreo
20,Vaca,49.09,Oriente,Pastoreo
21,Vaca,58.18,Oriente,Pastoreo
22,Vaca,43.76,Oriente,Estabulado
23,Vaca,51.39,Oriente,Estabulado
24,Vaca,50.27,Oriente,Estabulado
25,Vaca,45.91,Norte,Pastoreo
26,Vaca,50.53,Norte,Pastoreo
27,Vaca,41.70,Norte,Pastoreo
28,Vaca,49.54,Norte,Estabulado
29,Vaca,50.38,Norte,Estabulado
30,Vaca,52.82,Norte,Estabulado
31,Vaca,47.52,Sur,Pastoreo
32,Vaca,50.89,Sur,Pastoreo
33,Vaca,45.69,Sur,Pastoreo
34,Vaca,46.58,Sur,Estabulado
35,Vaca,41.77,Sur,Estabulado
36,Vaca,49.00,Sur,Estabulado
37,Novillo,58.26,Oriente,Pastoreo
38,Novillo,61.53,Oriente,Pastoreo
39,Novillo,57.39,Oriente,Pastoreo
40,Novillo,56.00,Oriente,Estabulado
41,Novillo,57.91,Oriente,Estabulado
42,Novillo,62.35,Oriente,Estabulado
43,Novillo,59.53,Norte,Pastoreo
44,Novillo,59.00,Norte,Pastoreo
45,Novillo,58.60,Norte,Pastoreo
46,Novillo,62.47,Norte,Estabulado
47,Novillo,59.63,Norte,Estabulado
48,Novillo,59.35,Norte,Estabulado
49,Novillo,55.93,Sur,Pastoreo
50,Novillo,56.87,Sur,Pastoreo
51,Novillo,59.68,Sur,Pastoreo
52,Novillo,56.58,Sur,Estabulado
53,Novillo,60.01,Sur,Estabulado
54,Novillo,56.81,Sur,Estabulado
55,Novilla,50.04,Oriente,Pastoreo
56,Novilla,52.09,Oriente,Pastoreo
57,Novilla,45.50,Oriente,Pastoreo
58,Novilla,50.55,Oriente,Estabulado
59,Novilla,55.93,Oriente,Estabulado
60,Novilla,47.73,Oriente,Estabulado
61,Novilla,51.11,Norte,Pastoreo
62,Novilla,48.86,Norte,Pastoreo
63,Novilla,52.77,Norte,Pastoreo
64,Novilla,52.67,Norte,Estabulado
65,Novilla,48.61,Norte,Estabulado
66,Novilla,49.09,Norte,Estabulado
67,Novilla,48.42,Sur,Pastoreo
68,Novilla,53.69,Sur,Pastoreo
69,Novilla,47.50,Sur,Pastoreo
70,Novilla,49.90,Sur,Estabulado
71,Novilla,46.20,Sur,Estabulado
72,Novilla,51.39,Sur,Estabulado
