,Metodo,Tiempo,pH
1,Tradicional,T0,7.36
2,Tradicional,T0,5.64
3,Tradicional,T0,7.69
4,Tradicional,T0,6.40
5,Tradicional,T0,6.90
6,Tradicional,T0,7.12
7,Tradicional,T5,6.06
8,Tradicional,T5,5.83
9,Tradicional,T5,6.29
10,Tradicional,T5,6.23
11,Tradicional,T5,6.13
12,Tradicional,T5,6.10
13,Tradicional,T10,6.32
14,Tradicional,T10,6.50
15,Tradicional,T10,6.08
16,Tradicional,T10,6.54
17,Tradicional,T10,6.17
18,Tradicional,T10,6.10
19,Tradicional,T15,6.45
20,Tradicional,T15,6.48
21,Tradicional,T15,6.53
22,Tradicional,T15,6.29
23,Tradicional,T15,6.16
24,Tradicional,T15,6.29
25,Alternativo,T0,6.63
26,Alternativo,T0,6.83
27,Alternativo,T0,6.90
28,Alternativo,T0,7.02
29,Alternativo,T0,6.89
30,Alternativo,T0,6.87
31,Alternativo,T5,6.27
32,Alternativo,T5,6.58
33,Alternativo,T5,6.25
34,Alternativo,T5,6.45
35,Alternativo,T5,6.86
36,Alternativo,T5,6.27
37,Alternativo,T10,6.72
38,Alternativo,T10,6.75
39,Alternativo,T10,6.39
40,Alternativo,T10,6.28
41,Alternativo,T10,6.49
42,Alternativo,T10,6.66
43,Alternativo,T15,6.60
44,Alternativo,T15,6.50
45,Alternativo,T15,6.48
46,Alternativo,T15,6.38
47,Alternativo,T15,6.63
48,Alternativo,T15,6.37
