Encuesta,Lago_Tota,Color,Rutas,Rio_AmaOri,LenguajeP,LagunaCocha,Smartphone,Flor,Internet_Acad,Internet_Entr,Trabajo_Rem,Transporte,Petronio,Casa_U,Vaupes,Lectura,Ultima_Cena,Odisea,Frase,Horas_Duerme,N_Azar
1,D,Azul,B,D,Si,B,Si,D,B,B,No,B,A,B,C,B,B,C,B,B,6
2,C,Azul,D,D,No,A,Si,D,C,B,No,B,B,B,Vaupes,A,D,A,A,B,7
3,C,Azul,B,D,Si,,Si,D,C,C,No,C,,B,C,B,D,B,A,B,6
4,,Verde,A,,No,,Si,B,B,A,No,C,,B,B,B,D,B,B,B,4
5,D,Verde,B,B,No,A,Si,D,C,C,Si,B,B,B,B,B,D,B,B,D,7
6,D,Azul,D,B,Si,A,Si,D,C,C,No,A,B,B,C,C,D,B,D,B,7
7,B,Rojo,B,D,No,A,Si,D,D,D,No,C,B,D,B,B,D,B,A,C,1
8,D,Rojo,B,A,No,A,Si,D,C,B,No,A,,C,,B,D,B,B,B,4
9,C,Verde,A,D,No,A,Si,D,B,A,Si,C,B,D,C,A,C,B,A,A,8
10,C,Verde,B,B,Si,A,Si,D,C,B,Si,C,A,B,C,B,D,B,B,C,0
11,D,Azul,A,A,No,A,Si,D,C,C,No,C,A,B,C,B,D,B,B,C,7
12,C,Rojo,B,D,Si,C,Si,D,B,B,No,B,C,B,A,A,D,B,A,B,0
13,D,Verde,A,D,No,D,Si,D,B,B,No,C,A,B,C,A,B,D,D,C,2
14,D,Rosado,B,D,No,A,No,D,C,A,Si,C,A,B,B,B,C,A,B,B,0
15,C,Morado,A,D,No,A,Si,D,C,C,Si,C,B,B,C,A,D,B,A,B,7
16,D,Azul,B,D,No,A,Si,D,C,D,Si,D,D,A,C,A,B,B,B,B,9
17,D,Morado,A,A,No,A,Si,D,C,B,No,C,A,C,C,C,D,B,D,C,2
18,C,Verde,B,B,Si,A,Si,D,C,B,Si,C,C,D,B,C,D,B,D,A,3
19,C,Morado,B,D,No,A,Si,D,C,A,No,C,C,B,C,B,B,D,A,A,4
20,C,Negro,B,D,No,A,Si,D,C,C,Si,B,B,B,C,B,D,D,A,A,5
21,,Blanco,D,B,Si,A,Si,D,D,B,No,C,D,B,A,B,D,B,A,B,7
22,C,Negro,B,D,No,B,Si,D,C,D,No,D,,B,B,B,D,B,B,B,6
23,D,Rojo,C,A,Si,A,Si,D,C,D,Si,A,B,B,C,B,D,B,B,C,6
24,C,Rojo,C,D,Si,A,Si,D,B,A,No,D,B,A,A,B,D,B,A,A,4
25,D,Azul,D,D,No,A,Si,D,B,A,No,C,B,C,C,B,B,B,B,B,9
26,D,Negro,B,D,Si,A,Si,D,C,B,Si,C,A,C,B,B,B,B,B,B,8
27,C,Negro,B,D,No,A,Si,D,B,C,No,D,A,A,C,B,C,B,B,C,5
28,D,Rosado,A,D,No,A,No,D,C,A,No,C,C,C,C,B,D,B,A,A,7
29,C,Gris,B,D,No,A,Si,D,B,D,No,B,,B,,B,D,B,A,B,5
30,D,Blanco,B,D,No,A,Si,D,C,A,No,B,C,B,B,B,D,B,B,A,6
31,D,Rosado,A,D,No,A,Si,D,C,B,No,D,A,B,C,B,D,B,B,B,3
32,D,Azul,B,D,No,C,No,A,D,A,No,C,A,C,C,B,B,B,B,C,7
33,C,Azul,A,D,No,A,Si,D,C,C,No,C,B,C,C,B,C,B,D,B,2
34,C,Rosado,A,A,No,A,Si,D,B,B,No,C,A,B,C,B,D,B,A,B,2
35,C,Blanco,A,D,No,A,Si,D,C,B,No,A,A,B,A,B,D,B,B,A,7
36,C,Rojo,B,A,No,A,Si,D,B,A,No,C,D,B,C,A,C,B,B,C,5
37,C,Verde,D,D,No,A,Si,D,C,C,Si,B,B,B,C,A,D,D,C,B,3
38,C,Azul,A,D,No,A,Si,D,C,A,No,C,C,C,C,A,D,B,A,B,8
39,C,Rojo,B,B,No,A,Si,D,C,C,No,C,B,D,A,A,D,B,B,A,9
40,C,Azul,A,D,Si,C,Si,D,C,C,Si,D,A,B,B,A,D,B,A,B,8
41,C,Negro,A,B,Si,D,Si,D,D,D,No,C,C,B,C,A,C,B,A,B,7
42,C,Azul,A,B,No,A,Si,D,B,B,No,C,C,C,C,C,C,B,A,B,3
43,C,Negro,D,A,Si,C,Si,D,B,A,No,C,C,B,C,B,D,B,B,A,3
44,C,Negro,B,A,Si,A,Si,D,C,C,No,B,B,A,B,D,D,B,A,B,6
45,C,Verde,A,B,No,A,Si,D,C,D,Si,A,D,B,C,D,D,B,B,C,4
46,C,Azul,C,D,No,C,Si,D,B,B,No,D,D,C,C,C,D,B,A,B,3
47,C,Azul,B,B,No,A,Si,D,B,B,No,C,A,C,C,B,D,B,D,B,7
48,C,Azul,B,,No,A,Si,D,C,B,No,A,C,B,C,B,D,B,D,B,2
49,D,Rojo,A,D,No,D,Si,D,C,D,Si,C,B,B,B,B,D,B,B,D,3
50,D,Gris,B,C,No,A,Si,D,B,B,Si,C,D,C,B,B,D,B,B,D,8
51,D,Negro,B,D,No,A,Si,D,C,A,No,C,B,C,C,A,D,B,B,B,3
52,C,Azul,B,D,Si,C,Si,D,D,D,Si,C,D,B,C,B,D,B,A,B,3
53,C,Rojo,B,B,Si,A,Si,D,C,B,No,B,A,B,B,A,C,D,B,B,5
54,D,Rojo,A,A,Si,A,Si,D,C,A,No,C,B,D,C,B,D,B,A,B,7
55,C,Blanco,B,B,No,A,Si,D,C,D,Si,B,B,A,C,A,D,B,A,D,4
56,C,Verde,B,A,No,A,Si,D,D,C,No,D,C,B,C,B,C,D,A,B,4
